{
  "dataset_info": {
    "train_samples": 30000,
    "val_samples": 6000,
    "classes": [
      "O",
      "X",
      "checkmark"
    ],
    "class_mapping": {
      "O": 0,
      "X": 1,
      "checkmark": 2
    }
  },
  "training_config": {
    "epochs": 8,
    "batch_size": 128,
    "learning_rate": 0.001,
    "device": "cpu"
  },
  "training_history": {
    "epochs": [
      1,
      2,
      3,
      4,
      5,
      6,
      7,
      8
    ],
    "train_loss": [
      0.11120715604020903,
      0.00457482882727248,
      0.0019193852999635662,
      0.0011587479047554855,
      0.0005905840508096541,
      0.000622276543082747,
      0.00016262277440691833,
      0.00031823654295549204
    ],
    "train_acc": [
      0.9665333333333334,
      0.9988333333333334,
      0.9995666666666667,
      0.9997666666666667,
      0.9999666666666667,
      0.9998,
      1.0,
      0.9998333333333334
    ],
    "val_loss": [
      0.006922404866665601,
      0.002434554636167983,
      0.001115609245452409,
      0.0007350445681562027,
      0.0013358088063202256,
      0.00019212254316274387,
      0.00013159078050860746,
      0.0003068455843507157
    ],
    "val_acc": [
      0.9978333333333333,
      0.9993333333333333,
      0.9998333333333334,
      0.9998333333333334,
      0.9996666666666667,
      1.0,
      1.0,
      1.0
    ]
  },
  "final_results": {
    "best_validation_accuracy": 1.0,
    "final_train_loss": 0.00031823654295549204,
    "final_train_acc": 0.9998333333333334,
    "final_val_loss": 0.0003068455843507157,
    "final_val_acc": 1.0,
    "training_time_seconds": 76.74079322814941
  }
}